assetid,assetname,location,cloud,dt,batch,epo,remarks
TKMB16061H82,"手机 华为 P9 Plus（全网通移动联通电信4G/RAM 4GB/ROM 128G/高配版/琥珀灰) Pcs",a1,NULL,NULL,290,NULL,NULL
TKMB160903S5,"手机 华为 P9 Plus（全网通移动联通电信4G/RAM 4GB/ROM 64G/标配版/颜色随机） Pcs",a1,NULL,NULL,290,NULL,NULL
TKMB1610032A,"手机 华为 P9（全网通移动联通电信4G/RAM 3GB/ROM 32G/颜色随机） Pcs",a1,NULL,NULL,290,NULL,NULL
TKMB161004KA,"手机 华为 P9 Plus（全网通移动联通电信4G/RAM 4GB/ROM 64G/标配版/颜色随机） Pcs",a1,NULL,NULL,290,NULL,NULL
TKMB161107K0,"手机 华为 P9 Plus（全网通移动联通电信4G/RAM 4GB/ROM 64G/标配版/颜色随机） Pcs",a1,NULL,NULL,290,NULL,NULL
TKMB16120867,"手机 华为 Mate 9（全网通4G/双卡双待/4GB+64GB版/颜色随机） Pcs",a1,b2_ot_public_cloud,"2020-09-28 00:00:00",46,,"no wetestservice"
TKMB1702006E,"手机 华为 Mate 9（MHA-AL00)(TD-LTE/FDD-LTE/32GB/颜色随机) Pcs",a1,NULL,NULL,290,NULL,NULL
TKMB1702007K,"手机 华为 荣耀Magic（移动联通电信4G/双卡双待双通/4GB+64GB/颜色随机） Pcs",a1,NULL,NULL,290,NULL,NULL
TKMB1703010S,"手机 华为 Mate 9 pro(TD-LTE/FDD-LTE/64GB/颜色随机) Pcs",a1,NULL,NULL,290,NULL,NULL
TKMB17040130,"手机 华为 荣耀8（移动联通电信4G/RAM 4GB/ROM 64G/颜色随机） Pcs",a1,NULL,NULL,290,NULL,NULL
TKMB170501SS,"手机 华为 P10 plus( 移动联通电信4G/双卡双待/ 6GB+128GB/颜色随机) Pcs",NULL,NULL,NULL,NULL,NULL,NULL
TKMB17050286,"手机 华为 Mate 9（MHA-AL00)(TD-LTE/FDD-LTE/32GB/颜色随机) Pcs",a1,NULL,NULL,290,NULL,NULL
TKMB17070296,"手机 华为 荣耀畅玩6A(全网通4G/RAM 2GB/ROM 16GB/颜色随机） Pcs",a1,NULL,NULL,290,NULL,NULL
TKMB17080231,"手机 华为 nova 2 Plus（移动联通电信4G/4GB+128GB/颜色随机） Pcs",a1,NULL,NULL,290,NULL,NULL
TKMB170802S7,"手机 华为 P10 plus( 移动联通电信4G/双卡双待/ 6GB+128GB/曜石黑) Pcs",a1,NULL,NULL,290,NULL,NULL
TKMB170901AS,"手机 魅族 PRO 7 Plus（移动联通电信4G/6GB+64GB/颜色随机） Pcs",NULL,NULL,NULL,NULL,NULL,NULL
TKMB17090358,"手机 华为 P10 plus( 移动联通电信4G/双卡双待/ 6GB+64GB/颜色随机） Pcs",a1,NULL,NULL,290,NULL,NULL
TKMB18010409,"京东-OPPO R11s 全面屏双摄拍照手机 全网通4G+64G 双卡双待手机 香槟色(5638334)",a1,b2_ot_public_cloud,"2020-09-28 00:00:00",46,,"no wetestservice"
TKMB18010445,"手机 google Pixel XL 2（W 联通4G/RAM 4GB/ROM 32GB/美版/颜色随机） Pcs",a1,NULL,"2021-02-26 00:00:00",20,zby11->9,NULL
TKMB18010471,"京东-OPPO R11s 全面屏双摄拍照手机 全网通6G+128G 双卡双待手机 香槟色高配版(5897270)",a1,NULL,"2021-02-26 00:00:00",20,zby11->9,NULL
TKMB18030063,"京东-小米 红米4A 2+16GB 深空灰 全网通版(12553694715)",a1,b2_ot_public_cloud,"2020-09-28 00:00:00",46,,"no wetestservice"
TKMB1803006K,"京东-小米 红米4A 2+16GB 深空灰 全网通版(12553694715)",a1,NULL,NULL,290,NULL,NULL
TKMB1803009F,"京东-华为 HUAWEI P10 Plus 6GB+64GB 钻雕蓝 移动联通电信4G手机 双卡双待(3893487)",a1,b2_ot_public_cloud,"2020-09-28 00:00:00",46,,"no wetestservice"
TKMB180300A9,"京东-华为 nova 移动联通电信 智能手机 双卡双待 玫瑰金 全网通4G(4G RAM+64G ROM)(11356807693)",a1,NULL,NULL,290,NULL,NULL
TKMB180300F0,"京东-华为 HUAWEI P10 Plus 6GB+64GB 曜石黑 移动联通电信4G手机 双卡双待(4483072)",a1,NULL,NULL,290,NULL,NULL
TKMB180300F5,"京东-【新年货】荣耀 畅玩7X 4GB+64GB 全网通4G全面屏手机 高配版 铂光金(5663898)",a1,NULL,NULL,290,NULL,NULL
TKMB180300F9,"京东-【新年货】荣耀 畅玩7X 4GB+64GB 全网通4G全面屏手机 高配版 铂光金(5663898)",a1,NULL,NULL,290,NULL,NULL
TKMB180300KA,"京东-努比亚(nubia)【6+64GB】Z17mini 雅黑色 移动联通电信4G手机 双卡双待(4746262)",NULL,NULL,NULL,NULL,NULL,NULL
TKMB180300KK,"京东-华为 HUAWEI Mate 10 Pro 全网通 6GB+64GB 摩卡金 移动联通电信4G手机 双卡双待(5826236)",NULL,NULL,NULL,NULL,NULL,NULL
TKMB180301E7,"京东-三星 Galaxy S8+（SM-G9550）4GB+64GB 烟晶灰 移动联通电信4G手机 双卡双待(4938556)",NULL,NULL,NULL,NULL,NULL,NULL
TKMB180301H6,"京东-华为 HUAWEI P10 全网通 4GB+64GB 曜石黑 移动联通电信4G手机 双卡双待(4483094)",NULL,NULL,NULL,NULL,NULL,NULL
TKMB1803035F,"京东-华为 HUAWEI nova 青春版 4GB+64GB 樱语粉 移动联通电信4G手机 双卡双待(3893501)",a1,b2_ot_public_cloud,"2020-09-28 00:00:00",46,,"no wetestservice"
TKMB18030367,"京东-华为畅享7 Plus 3GB+32GB 香槟金 移动联通电信4G手机 双卡双待(4093553)",NULL,NULL,NULL,NULL,NULL,NULL
TKMB1803036S,"京东-荣耀9 全网通 高配版 6GB+64GB 幻夜黑 移动联通电信4G手机 双卡双待(4538875)",a1,b2_ot_public_cloud,"2020-09-28 00:00:00",46,,"no wetestservice"
TKMB18030460,"京东-【送水晶项链】vivo X20 Plus 全面屏双摄拍照手机 4GB+64GB 磨砂黑 移动联通电信全网通4G手机 双卡双待(6022742)",NULL,NULL,NULL,NULL,NULL,NULL
TKMB180304HE,"京东-华为 HUAWEI P10 全网通 4GB+64GB 钻雕蓝 移动联通电信4G手机 双卡双待(3893493)",a1,NULL,NULL,290,NULL,NULL
TKMB18030505,"京东-华为 P9 全网通 3GB+32GB版 流光金 移动联通电信4G手机 双卡双待(2600210)",a1,NULL,NULL,290,NULL,NULL
TKMB1803067H,"手机 vivo Y67L （4G+32G移动定制全网通版 颜色随机) Pcs",a1,NULL,NULL,290,NULL,NULL
TKMB1803068A,"手机 vivo Y66L（3GB+32GB移动全网通 颜色随机） Pcs",a1,NULL,NULL,290,NULL,NULL
TKMB18030715,"手机 华为 Mate 8(3GB+32GB全网通 颜色随机) Pcs",NULL,NULL,NULL,NULL,NULL,NULL
TKMB1803072A,"手机 OPPO R9 （4GB+64GB 全网通4G/颜色随机） Pcs",NULL,NULL,NULL,NULL,NULL,NULL
TKMB18030739,"京东-华为 HUAWEI nova 2 Plus 4GB+128GB 草木绿 移动联通电信4G手机 双卡双待(5007548)",a1,b2_ot_public_cloud,"2020-09-28 00:00:00",46,,"no wetestservice"
TKMB180307EH,"手机 OPPO R9 PLUS（（4GB+64GB 全网通4G/颜色随机） Pcs",NULL,NULL,NULL,NULL,NULL,NULL
TKMB180307SH,"手机 华为 荣耀V9PLUS全网通高配版(4G+32G 颜色随机) Pcs",NULL,NULL,NULL,NULL,NULL,NULL
TKMB180307SS,"手机 vivo Y75（4GB+32GB全网通4G 颜色随机) Pcs",a1,b2_ot_public_cloud,"2020-09-28 00:00:00",46,,"no wetestservice"
TKMB18030809,"手机 vivo X9s plus L（4GB+64GB 移动定制版全网通4G手机 双卡双待 颜色随机） Pcs",a1,NULL,NULL,290,NULL,NULL
TKMB180400ER,"手机 三星 S8（移动联通电信4G/双卡双待/4GB+64GB/颜色随机） Pcs",NULL,NULL,NULL,NULL,NULL,NULL
TKMB180400NA,"京东-vivo X20 全面屏手机 全网通 4GB+64GB 磨砂黑 移动联通电信4G手机 双卡双待(5025991)",a1,b2_ot_public_cloud,"2020-09-28 00:00:00",46,,"no wetestservice"
TKMB180401E4,"手机 小米 小米红米note3（3GB+32GB/自行采购） Pcs",a1,b2_ot_public_cloud,"2020-09-28 00:00:00",46,,"no wetestservice"
TKMB180401F0,"手机 vivo vivo Y937（电信4G/自行采购） Pcs",NULL,NULL,NULL,NULL,NULL,NULL
TKMB180401HS,"手机 华为 华为荣耀畅玩4X移动版(1GB+8GB/自行采购) Pcs",NULL,NULL,NULL,NULL,NULL,NULL
TKMB18040225,"京东-小米 红米4A 2+16GB 香槟金  全网通版(11456152267)",a1,NULL,"2021-02-26 00:00:00",20,zby11->9,NULL
TKMB18040241,"手机 OPPO A73T （4GB+32GB移动定制全网通 双卡双待/颜色随机） Pcs",a1,b2_ot_public_cloud,"2020-09-28 00:00:00",46,,"no wetestservice"
TKMB1804026R,"手机 华为 nova 2 Plus （4G+64G移动定制版 颜色随机) Pcs",a1,NULL,NULL,290,NULL,NULL
TKMB180402P8,"手机 小米 小米 MIX2S（移动联通电信4G/6GB+128GB/黑色） Pcs",NULL,NULL,NULL,NULL,NULL,NULL
TKMB180402RX,"手机 vivo Y67L （4G+32G移动定制全网通版 颜色随机) Pcs",a1,NULL,NULL,290,NULL,NULL
TKMB180402RY,"手机 小米（MI） 小米6 全网通 6GB+64GB 移动联通电信4G手机 双卡双待 Pcs",a1,NULL,NULL,290,NULL,NULL
TKMB1805000A,"京东-小米Max2 全网通 4GB+64GB 黑色 移动联通电信4G手机 双卡双待(5159272)",a1,,"2021-02-26 00:00:00",20,zby11->9,NULL
TKMB1805014M,"手机 vivo Y66I A（3G+32G全网通4G 颜色随机） Pcs",a1,NULL,NULL,290,NULL,NULL
TKMB180501L1,"京东-vivo Xplay6 全网通6GB+64GB 移动联通电信4G手机 双卡双待 磨砂黑(12858797392)",a1,NULL,"2021-02-26 00:00:00",20,zby11->9,NULL
TKMB180501L9,"京东-Meitu 美图M8s（MP1709）Hello Kitty 限量版 自拍美颜 全网通 移动联通电信4G手机(5378695)",a1,NULL,NULL,290,NULL,NULL
TKMB180501LW,"京东-三星 Galaxy S8（SM-G9500）4GB+64GB 谜夜黑 移动联通电信4G手机 双卡双待(4120319)",a1,b2_ot_public_cloud,"2020-09-28 00:00:00",46,,"no wetestservice"
TKMB18050201,"手机 vivo Y923（1G+8G电信4G/自行采购） Pcs",NULL,NULL,NULL,NULL,NULL,NULL
TKMB18060009,"手机 vivo X9s L（4GB+64GB 移动定制版全网通4G手机 双卡双待 颜色随机） Pcs",a1,NULL,"2021-02-26 00:00:00",20,zby11->9,NULL
TKMB18060017,"手机 OPPO R9S(6GB+64GB 移动定制全网4G/颜色随机) Pcs",a1,NULL,NULL,290,NULL,NULL
TKMB1806001L,"手机 vivo X7 Plus（移动联通电信4G/RAM 4GB/ROM 64G/颜色随机） Pcs",NULL,NULL,NULL,NULL,NULL,NULL
TKMB1806001N,"手机 OPPO R9（移动联通电信4G/双卡双待/4GB RAM/64GB/颜色随机） Pcs",a1,NULL,NULL,NULL,NULL,NULL
TKMB1806002R,"手机 vivo x20 plus(全网通/4GB+64GB/颜色随机) Pcs",a1,NULL,"2021-02-26 00:00:00",20,zby11->9,NULL
TKMB1806003R,"手机 vivo Y67 全网通（4GB+64GB/全网通/双卡双待/颜色随机) 台",a1,NULL,NULL,290,NULL,NULL
TKMB1806008W,"京东-魅族 15 全面屏手机 全网通公开版 4GB+64GB 砚黑 移动联通电信4G手机 双卡双待(7012230)",NULL,NULL,NULL,NULL,NULL,NULL
TKMB1806009P,"京东-小米 红米 4X 全网通版 3GB+32GB 香槟金 移动联通电信4G手机(4510572)",a1,NULL,NULL,290,NULL,NULL
TKMB180600EW,"手机 华为 P9 Plus（VIE-AL10/ 4+64G/全网通 颜色随机） Pcs",a1,NULL,NULL,290,NULL,NULL
TKMB180600G5,"手机 vivo X20 （4GB+64GB 全网通4G手机 双卡双待 颜色随机） Pcs",a1,NULL,"2021-02-26 00:00:00",20,zby11->9,NULL
TKMB180600G6,"手机 vivo X20 （4GB+64GB 全网通4G手机 双卡双待 颜色随机） Pcs",a1,NULL,NULL,290,NULL,NULL
TKMB180600GF,"手机 vivo X20 （4GB+64GB 全网通4G手机 双卡双待 颜色随机） Pcs",a1,NULL,NULL,290,NULL,NULL
TKMB180600M6,"京东-华为 HUAWEI nova 青春版 4GB+64GB 珍珠白 移动联通电信4G手机 双卡双待(5544080)",a1,NULL,NULL,290,NULL,NULL
TKMB180600MW,"京东-小米Max2 全网通 4GB+128GB 金色 移动联通电信4G手机 双卡双待(5159244)",a1,NULL,NULL,290,NULL,NULL
TKMB180600NN,"京东-荣耀V9 Play 手机 全网通4G 双卡双待 铂光金（4G+32G）(16297121279)",a1,NULL,NULL,290,NULL,NULL
TKMB180600PT,"京东-努比亚nubia Z17 无边框 曜石黑 6GB+64GB 全网通 移动联通电信4G手机 双卡双待(4220709)",a1,NULL,NULL,NULL,NULL,NULL
TKMB180600RL,"手机 华为 畅享6（2G+16G全网通 颜色随机) Pcs",a1,NULL,NULL,290,NULL,NULL
TKMB180600TN,"手机 OPPO A37M （2GB+16GB全网通4G手机 双卡双待/颜色随机） Pcs",a1,NULL,NULL,290,NULL,NULL
TKMB180600TY,"手机 OPPO A37M （2GB+16GB全网通4G手机 双卡双待/颜色随机） Pcs",a1,NULL,NULL,290,NULL,NULL
TKMB180600X3,"手机 OPPO A37M （2GB+16GB全网通4G手机 双卡双待/颜色随机） Pcs",a1,NULL,NULL,290,NULL,NULL
TKMB180600Y1,"京东-三星 Galaxy S9（SM-G9600/DS）4GB+64GB 谜夜黑 移动联通电信4G手机 双卡双待(6577511)",a1,NULL,"2021-02-26 00:00:00",20,zby11->9,NULL
TKMB1806010G,"京东-华为畅享8 全面屏三卡槽 3GB+32GB 金色 全网通版 移动联通电信4G手机 双卡双待(6755970)",a1,NULL,NULL,290,NULL,NULL
TKMB1806010M,"京东-小米Max2 全网通 4GB+32GB 金色 移动联通电信4G手机 双卡双待(5114911)",a1,b2_ot_public_cloud,"2020-09-28 00:00:00",46,,"no wetestservice"
TKMB1806013A,"手机 OPPO R9s Plus（移动联通电信4G/双卡双待/6GB+64GB/颜色随机） Pcs",a1,b2_ot_public_cloud,"2020-09-28 00:00:00",46,,"no wetestservice"
TKMB1806013W,"手机 OPPO R9s Plus（移动联通电信4G/双卡双待/6GB+64GB/颜色随机） Pcs",a1,NULL,NULL,290,NULL,NULL
TKMB18060142,"手机 华为 P8青春版(2G+16G 电信版 颜色随机) Pcs",a1,NULL,NULL,290,NULL,NULL
TKMB18060144,"手机 华为 荣耀9（6G+64G/高配全网通双卡双待/颜色随机） Pcs",NULL,NULL,NULL,NULL,NULL,NULL
TKMB1806015M,"手机 华为 荣耀 畅玩5C（移动4G/RAM 2GB/ROM 16GB/颜色随机） Pcs",NULL,NULL,NULL,NULL,NULL,NULL
TKMB1806015P,"手机 华为 荣耀 畅玩4C(CHM-TL00)（移动4G/TD-LTE/定制版/16G/颜色随机） Pcs",a1,NULL,NULL,290,NULL,NULL
TKMB18060173,"手机 华为 mate 10 pro（移动联通电信4G/6GB+128GB/颜色随机） Pcs",a1,NULL,NULL,NULL,NULL,NULL
TKMB1806017M,"手机 三星 S8（移动联通电信4G/双卡双待/4GB+64GB/颜色随机） Pcs",NULL,NULL,NULL,NULL,NULL,NULL
TKMB1806017N,"手机 vivo Y53L(2GB+16GB移动全网通4G 双卡双待 颜色随机) Pcs",a1,NULL,NULL,290,NULL,NULL
TKMB1806017X,"手机 华为 P20 Pro（移动联通电信4G/6GB +128GB/颜色随机） Pcs",NULL,NULL,NULL,NULL,NULL,NULL
TKMB180601L5,"手机 vivo XPLAY5A（4GB+128GB 全网通4G手机 双卡双待 颜色随机） Pcs",a1,NULL,NULL,290,NULL,NULL
TKMB180601LL,"手机 vivo Y66L（3GB+32GB移动全网通 颜色随机） Pcs",a1,NULL,NULL,290,NULL,NULL
TKMB180601LY,"手机 vivo Y66I A（3G+32G全网通4G 颜色随机） Pcs",a1,b2_ot_public_cloud,"2020-09-28 00:00:00",46,,"no wetestservice"
TKMB180601M9,"手机 小米 米5（全网通移动联通电信版/3GB RAM/64G/高配版/颜色随机） Pcs",a1,b2_ot_public_cloud,"2020-09-28 00:00:00",46,,"no wetestservice"
TKMB180601ME,"手机 vivo Y66I A（3G+32G全网通4G 颜色随机） Pcs",NULL,NULL,NULL,NULL,NULL,NULL
TKMB180601MM,"手机 华为 麦芒4 （3GB+32G全网通 颜色随机) Pcs",a1,NULL,NULL,290,NULL,NULL
TKMB180601MP,"手机 小米 小米6（移动联通电信4G/双卡双待/6GB+128GB/颜色随机） Pcs",NULL,NULL,NULL,NULL,NULL,NULL
TKMB180601N9,"手机 vivo Y66L（3GB+32GB移动全网通 颜色随机） Pcs",a1,NULL,NULL,290,NULL,NULL
TKMB180601PX,"手机 华为 P9（3G+32G联通标准4G版 颜色随机) Pcs",a1,NULL,NULL,290,NULL,NULL
TKMB180601RE,"手机 小米 6X（ 全网通/6GB+128GB/颜色随机） Pcs",a1,NULL,NULL,290,NULL,NULL
TKMB180601W0,"手机 小米 红米4X（2GB+16GB全网通 颜色随机) Pcs",a1,NULL,NULL,290,NULL,NULL
TKMB180601W1,"手机 小米 红米4X（2GB+16GB全网通 颜色随机) Pcs",a1,NULL,NULL,290,NULL,NULL
TKMB180601WF,"手机 小米 6X（ 全网通/6GB+128GB/颜色随机） Pcs",NULL,NULL,NULL,NULL,NULL,NULL
TKMB180601Y7,"手机 vivo Y66 （3GB+32GB 全网通4G 颜色随机） Pcs",a1,b2_ot_public_cloud,"2020-09-28 00:00:00",46,,"no wetestservice"
TKMB180601Y9,"手机 vivo Y66I A（3G+32G全网通4G 颜色随机） Pcs",a1,NULL,NULL,290,NULL,NULL
TKMB180601YA,"手机 vivo Y66L（3GB+32GB移动全网通 颜色随机） Pcs",a1,NULL,NULL,290,NULL,NULL
TKMB180601YX,"手机 三星 Galaxy J7（1.5G+16G移动4G/颜色随机） Pcs",NULL,NULL,NULL,NULL,NULL,NULL
TKMB18060204,"手机 华为 Mate 9（全网通4G/双卡双待/6GB+128GB版/颜色随机） Pcs",a1,NULL,"2021-02-26 00:00:00",20,zby11->9,NULL
TKMB18060206,"手机 OPPO A77(移动联通电信4G/RAM 3G+ROM 32G/颜色随机) Pcs",a1,b2_ot_public_cloud,"2020-09-28 00:00:00",46,,"no wetestservice"
TKMB1806020A,"手机 vivo Y66L（3GB+32GB移动全网通 颜色随机） Pcs",a1,b2_ot_public_cloud,"2020-09-28 00:00:00",46,,"no wetestservice"
TKMB1806021X,"手机 小米 MIX（4G+128G全网通/颜色随机） Pcs",NULL,NULL,NULL,NULL,NULL,NULL
TKMB18060223,"手机 360 N5（全网通/6G+32G/颜色随机） Pcs",NULL,NULL,NULL,NULL,NULL,NULL
TKMB1806022P,"手机 华为 P10 plus( 移动联通电信4G/双卡双待/ 6GB+128GB/颜色随机) Pcs",a1,NULL,NULL,290,NULL,NULL
TKMB18060237,"手机 华为 荣耀V10（BKL-AL20/6+128G/全网通/颜色随机） Pcs",a1,NULL,NULL,290,NULL,NULL
TKMB1806023J,"手机 努比亚 Z11（移动联通电信4G/RAM 4GB/ROM 64G/颜色随机） Pcs",NULL,NULL,NULL,NULL,NULL,NULL
TKMB1806023L,"手机 vivo Y67L （4G+32G移动定制全网通版 颜色随机) Pcs",a1,,NULL,290,NULL,NULL
TKMB1806023R,"手机 vivo Y67L （4G+32G移动定制全网通版 颜色随机) Pcs",a1,NULL,NULL,290,NULL,NULL
TKMB1806023W,"手机 vivo Y67L （4G+32G移动定制全网通版 颜色随机) Pcs",a1,NULL,NULL,290,NULL,NULL
TKMB18060249,"手机 华为 荣耀8 青春版（4G+32G全网通/颜色随机） Pcs",a1,NULL,NULL,290,NULL,NULL
TKMB1806024W,"手机 vivo Y67L （4G+32G移动定制全网通版 颜色随机) Pcs",a1,NULL,NULL,290,NULL,NULL
TKMB18060253,"手机 华为 荣耀8 青春版（4G+32G全网通/颜色随机） Pcs",a1,b2_ot_public_cloud,"2020-09-28 00:00:00",46,,"no wetestservice"
TKMB18060284,"手机 vivo Y75A(4GB+32GB全网通主副卡可自由切换 颜色随机） Pcs",a1,NULL,NULL,290,NULL,NULL
TKMB1806028R,"手机 OPPO A57 （3GB+32GB全网通4G 双卡双待/颜色随机） Pcs",a1,b2_ot_public_cloud,"2020-09-28 00:00:00",46,,"no wetestservice"
TKMB18060290,"手机 vivo Y75（4GB+32GB全网通4G 颜色随机) Pcs",a1,NULL,NULL,290,NULL,NULL
TKMB18060292,"手机 华为 畅享7PLUS移动（3G+32G移动全网通 颜色随机） Pcs",NULL,NULL,NULL,NULL,NULL,NULL
TKMB18060293,"手机 金立 F5(4G+32G全网通 颜色随机） Pcs",NULL,NULL,NULL,NULL,NULL,NULL
TKMB18060299,"手机 vivo X9i（4GB+64GB 全网通4G手机 双卡双待 颜色随机） Pcs",a1,b2_ot_public_cloud,"2020-09-28 00:00:00",46,,"no wetestservice"
TKMB180602A0,"手机 华为 荣耀8（4GB+64GB全网通版/颜色随机） Pcs",a1,NULL,NULL,290,NULL,NULL
TKMB180602AM,"手机 vivo Y67（4GB+32GB全网通4G 颜色随机) Pcs",a1,NULL,NULL,290,NULL,NULL
TKMB180602AT,"手机 华为 荣耀Note8（EDI-AL10/全网通/颜色随机） Pcs",a1,NULL,NULL,290,NULL,NULL
TKMB180602P2,"手机 华为 荣耀V8（KNT-AL20/高配版/全网通/4G+64G/颜色随机） Pcs",a1,NULL,NULL,290,NULL,NULL
TKMB180602P4,"手机 vivo vivo X9s（全网通/4GB+64GB/颜色随机） Pcs",a1,,NULL,290,NULL,NULL
TKMB180602PA,"手机 vivo Y67（4GB+32GB全网通4G 颜色随机) Pcs",a1,b2_ot_public_cloud,"2020-09-28 00:00:00",46,,"no wetestservice"
TKMB180602PL,"手机 vivo X9s L（4GB+64GB 移动定制版全网通4G手机 双卡双待 颜色随机） Pcs",a1,NULL,NULL,290,NULL,NULL
TKMB180602PX,"手机 vivo vivo X9s（全网通/4GB+64GB/颜色随机） Pcs",a1,NULL,NULL,290,NULL,NULL
TKMB180602PY,"手机 OPPO R9S(6GB+64GB 移动定制全网4G/颜色随机) Pcs",a1,NULL,NULL,290,NULL,NULL
TKMB180602R4,"手机 vivo X7 （4GB+64GB 全网通4G手机 双卡双待 颜色随机） Pcs",a1,NULL,NULL,290,NULL,NULL
TKMB180602R6,"手机 vivo X7 Plus（移动联通电信4G/RAM 4GB/ROM 64G/颜色随机） Pcs",a1,b2_ot_public_cloud,"2020-09-28 00:00:00",46,,"no wetestservice"
TKMB180602R7,"手机 vivo X7 （4GB+64GB 全网通4G手机 双卡双待 颜色随机） Pcs",a1,NULL,NULL,290,NULL,NULL
TKMB180602R8,"手机 vivo Y79A（4GB+64GB 全网通4G手机 双卡双待 颜色随机） Pcs",a1,NULL,"2021-02-26 00:00:00",20,zby11->9,NULL
TKMB180602W0,"手机 华为 荣耀8（4GB+64GB全网通版/颜色随机） Pcs",a1,NULL,"2021-02-26 00:00:00",20,zby11->9,NULL
TKMB180602W7,"手机 小米 5S(全网通/RAM 3GB/ROM 64GB/颜色随机) Pcs",a1,b2_ot_public_cloud,"2020-09-28 00:00:00",46,,"no wetestservice"
TKMB180602WX,"手机 vivo X7 Plus（移动联通电信4G/RAM 4GB/ROM 64G/颜色随机） Pcs",a1,NULL,NULL,290,NULL,NULL
TKMB180700E8,"京东-vivo NEX 零界全面屏AI双摄游戏手机 6GB+128GB 星钻黑 移动联通电信全网通4G手机 双卡双待(7643011)",NULL,NULL,NULL,NULL,NULL,NULL
TKMB180700F8,"京东-荣耀 畅玩7X 4GB+32GB 全网通4G全面屏手机 标配版 铂光金(5663902)",a1,NULL,NULL,290,NULL,NULL
TKMB1807015A,"手机 vivo VIVO Y923（1GB+8GB 电信4G移动2G联通2G 颜色随机/自行采购) Pcs",NULL,NULL,NULL,NULL,NULL,NULL
TKMB1807015W,"手机 vivo VIVO Y923（1GB+8GB 电信4G移动2G联通2G 颜色随机/自行采购) Pcs",NULL,NULL,NULL,NULL,NULL,NULL
TKMB18070168,"手机 小米 HM NOTE 1LTE(2GB+16GB 双卡/增强版/移动4G/自行采购) Pcs",NULL,NULL,NULL,NULL,NULL,NULL
TKMB18070177,"手机 美图 MP1512（4GB+64GB 全网通4G手机 颜色随机/自行采购） Pcs",NULL,NULL,NULL,NULL,NULL,NULL
TKMB1807017G,"手机 努比亚 NX569H（Z17mini 6GB+64GB 全网通4G 手机 双卡双待/自行采购） Pcs",NULL,NULL,NULL,NULL,NULL,NULL
TKMB1807017L,"手机 魅族 M3X（3GB+32GB/4GB+64GB 全网通 颜色随机/自行采购） Pcs",NULL,NULL,NULL,NULL,NULL,NULL
TKMB1807017M,"手机 魅族 M3X（3GB+32GB/4GB+64GB 全网通 颜色随机/自行采购） Pcs",NULL,NULL,NULL,NULL,NULL,NULL
TKMB1807018N,"手机 三星 SM-J5108（2GB+16GB 移动联通4G手机 颜色随机/自行采购） Pcs",NULL,NULL,NULL,NULL,NULL,NULL
TKMB180701A9,"手机 三星 三星？S9+（6GB+128GB 谜夜黑 移动联通电信4G手机 双卡双待/自行采购） Pcs",NULL,NULL,NULL,NULL,NULL,NULL
TKMB180701AX,"手机 三星 SM-N9100 ( 3GB+16GB 移动联通双4G 颜色随机/自行采购） Pcs",NULL,NULL,NULL,NULL,NULL,NULL
TKMB180701NG,"京东-小米 红米6  全网通版 3GB内存 铂银灰 32GB 移动联通电信4G手机 双卡双待(7651927)",NULL,NULL,NULL,NULL,NULL,NULL
TKMB180701NP,"京东-小米 红米6 Pro 全网通版 3GB内存 曜石黑 32GB 移动联通电信4G手机 双卡双待(7437560)",NULL,NULL,NULL,NULL,NULL,NULL
TKMB180701P7,"手机 OPPO R8205（2GB+16GB 电信4G手机 颜色随机/自行采购） Pcs",NULL,NULL,NULL,NULL,NULL,NULL
TKMB180701PW,"手机 华为 荣耀 6 PLUS高配版电信4G[（PE-CL00/高配版/电信4G）(3G+32G/自行采购)] Pcs",NULL,NULL,NULL,NULL,NULL,NULL
TKMB1807029P,"手机 三星 galaxy s8+（全网通4G/4+64G/颜色随机/美版） Pcs",a1,NULL,NULL,NULL,NULL,NULL
TKMB1808019R,"手机 小米（MI） 小米6 全网通 6GB+64GB 移动联通电信4G手机 双卡双待 Pcs",a1,NULL,"2021-02-26 00:00:00",20,zby11->9,NULL
TKMB180900R3,"手机 小米 红米Note5（移动4G+全网通版/4GB+64GB/颜色随机） Pcs",a1,b2_ot_public_cloud,"2020-09-28 00:00:00",46,,"no wetestservice"
TKMB180900RE,"京东-三星 Galaxy S9+（SM-G9650/DS）6GB+64GB 谜夜黑 移动联通电信4G手机 双卡双待(6405876)",b2,wechat_small_game,"2020-09-28 00:00:00",2,sh->sz,NULL
TKMB180900Y9,"京东-华为畅享8 全面屏三卡槽 4GB+64GB 金色 全网通高配版 移动联通电信4G手机 双卡双待(6737464)",a1,b2_ot_public_cloud,"2020-09-28 00:00:00",46,,"no wetestservice"
TKMB180901A0,"手机 vivo X9s plus L（4GB+64GB 移动定制版全网通4G手机 双卡双待 颜色随机） Pcs",a1,b2_ot_public_cloud,"2020-09-28 00:00:00",46,,"no wetestservice"
TKMB181001M8,"京东-【千玺代言】华为新品  HUAWEI nova 3全面屏高清四摄游戏手机 海报级自拍 6GB+64GB 浅艾蓝 全网通双卡双待(8486629)",NULL,NULL,NULL,NULL,NULL,NULL
TKMB18110013,"京东-【套装版】OPPO A7x 全面屏拍照手机 4GB+128GB 星空紫 全网通 移动联通电信4G 双卡双待手机(100000529513)",NULL,NULL,NULL,NULL,NULL,NULL
TKMB181100G4,"京东-【OPPO全新系列】K1 OPPO首款千元屏幕指纹手机 6G+64G 摩卡红 全网通 移动联通电信4G 双卡双待手机(100000727144)",a1,NULL,"2021-02-26 00:00:00",20,zby11->9,NULL
TKMB181100WT,"京东-【套装版】OPPO A7x 全面屏拍照手机 4GB+128GB 星空紫 全网通 移动联通电信4G 双卡双待手机(100000529513)",NULL,NULL,NULL,NULL,NULL,NULL
TKMB18120247,"京东-OPPO R17 Pro 全面屏拍照手机 8GB+128GB 凝光绿 全网通移动联通电信4G手机 双卡双待(100001054331)",NULL,NULL,NULL,NULL,NULL,NULL
TKMB181204J1,"手机 三星 J2？东南亚版（1.5G+8G ROM） Pcs",NULL,NULL,NULL,NULL,NULL,NULL
TKMB181204J3,"手机 三星 J7？东南亚版（1.5G+16G ROM） Pcs",NULL,NULL,NULL,NULL,NULL,NULL
TKMB181204J5,"手机 360 N6 Pro(全网通/RAM 4GB/ROM 64GB/自行采购) Pcs",NULL,NULL,NULL,NULL,NULL,NULL
TKMB181204J6,"手机 360 N6 Pro(全网通/RAM 4GB/ROM 64GB/自行采购) Pcs",NULL,NULL,NULL,NULL,NULL,NULL
TKMB181204J8,"手机 酷派 A8 930(全网通/RAM 3GB/ROM 32GB/自行采购) Pcs",NULL,NULL,NULL,NULL,NULL,NULL
TKMB181204J9,"手机 华为 mate 20（6G+64G ROM） Pcs",NULL,NULL,NULL,NULL,NULL,NULL
TKMB181204JA,"手机 华为 mate 20（6G+64G ROM） Pcs",NULL,NULL,NULL,NULL,NULL,NULL
TKMB181204L0,"手机 OPPO R9M(全网通/RAM 4GB/ROM 64GB/自行采购) Pcs",a1,b2_ot_public_cloud,"2020-09-28 00:00:00",46,,"no wetestservice"
TKMB181204XJ,"手机 努比亚 Z17 mini(全网通/RAM 6GB/ROM 64GB/自行采购) Pcs",NULL,NULL,NULL,NULL,NULL,NULL
TKMB181204Y1,"手机 华为 VTR-AL00(全网通/RAM 4GB/ROM 64GB/自行采购) Pcs",a1,NULL,"2021-02-26 00:00:00",20,zby11->9,NULL
TKMB181204Y2,"手机 华为 VTR-AL00(全网通/RAM 4GB/ROM 64GB/自行采购) Pcs",NULL,NULL,NULL,NULL,NULL,NULL
TKMB181204Y5,"手机 OPPO R9KM(全网通/RAM 4GB/ROM 64GB/自行采购) Pcs",a1,NULL,NULL,290,NULL,NULL
TKMB181204Y7,"手机 OPPO R9KM(全网通/RAM 4GB/ROM 64GB/自行采购) Pcs",NULL,NULL,NULL,NULL,NULL,NULL
TKMB181204YE,"手机 OPPO A1601(RAM 4GB/ROM 64GB/自行采购) Pcs",NULL,NULL,NULL,NULL,NULL,NULL
TKMB181204YR,"手机 OPPO A1601(RAM 4GB/ROM 64GB/自行采购) Pcs",NULL,NULL,NULL,NULL,NULL,NULL
TKMB181204YT,"手机 小米 note 4X印尼版（2G+16G ROM） Pcs",NULL,NULL,NULL,NULL,NULL,NULL
TKMB190400E0,"京东-Apple iPad mini 2019年新款平板电脑 7.9英寸（64G WLAN版/A12芯片/Retina显示屏/MUQY2CH/A）金色(100004245972)",NULL,NULL,NULL,NULL,NULL,NULL
TKMB190400LT,"手机 华为 mate20 X（全网通4G/6G+128G/颜色随机） Pcs",a1,NULL,NULL,NULL,NULL,NULL
TKMB190400MX,"京东-小米9 xiaomi新品三摄 6GB+128GB深空灰 骁龙855 全网通4G 双卡双待 水滴全面屏拍照游戏智能手机(100003434266)",NULL,NULL,NULL,NULL,NULL,NULL
TKMB190400YR,"手机 vivo iQOO(全网通4G手机/8GB+128GB/颜色随机) Pcs",NULL,NULL,NULL,NULL,NULL,NULL
TKMB190508NY,"手机 华为 JMM-AL10(二手机/JMM AL10/全网通/4GB*32GB) Pcs",a1,NULL,NULL,290,NULL,NULL
TKMB19050910,"手机 vivo vivo X6Plus（二手机/EVA TL00/双4G/4GB*64GB） Pcs",a1,NULL,NULL,290,NULL,NULL
TKMB19050912,"手机 vivo X9Plus（二手机/X9PLUS L/全网通/6GB*64GB） Pcs",a1,NULL,NULL,290,NULL,NULL
TKMB19050915,"手机 OPPO R15梦镜版（二手机/PAAT00/梦境红全网通/6GB*128GB） Pcs",NULL,NULL,NULL,NULL,NULL,NULL
TKMB19050919,"手机 OPPO R11 Plus（二手机/全网通/6GB*64GB） Pcs",a1,NULL,NULL,290,NULL,NULL
TKMB1905091J,"手机 OPPO OPPO R7s Plus(二手机/全网通/4GB*32GB) Pcs",a1,NULL,NULL,290,NULL,NULL
TKMB1905091T,"手机 华为 荣耀V9（二手机/BLN AL20/全网通/6GB*64GB） Pcs",a1,b2_ot_public_cloud,"2020-09-28 00:00:00",46,,"no wetestservice"
TKMB1905091Y,"手机 vivo Y79(二手机/全网通/4GB*64GB) Pcs",a1,b2_ot_public_cloud,"2020-09-28 00:00:00",46,,"no wetestservice"
TKMB19050927,"手机 vivo X7 Plus(二手机/X7PLUS/全网通4GB*64GB) Pcs",a1,NULL,NULL,290,NULL,NULL
TKMB1905092M,"手机 OPPO R9SK(二手机/R9sk/全网通/4GB*64GB ) Pcs",a1,NULL,NULL,290,NULL,NULL
TKMB1905092P,"手机 vivo X6SPlus(二手机/X6SPLUS D/全网通/4GB*64GB) Pcs",a1,NULL,NULL,290,NULL,NULL
TKMB1905092W,"手机 OPPO OPPO R9 Plus（二手机/PLUSM A/电信全网通4GB*64GB） Pcs",a1,NULL,NULL,290,NULL,NULL
TKMB19050M3W,"京东-OPPO A9x 4800万像素 VOOC闪充 6GB+128GB 曜石黑 全网通4G 全面屏拍照游戏智能手机(100003440803)",a1,b2_ot_public_cloud,"2020-09-28 00:00:00",46,,"no wetestservice"
TKMB19050XF5,"手机 华为 P10 Plus(二手机/VKY TL00/全网通/6GB*64GB） Pcs",a1,NULL,NULL,290,NULL,NULL
TKMB19050XJ9,"手机 夏普 S2(二手机/4GB*64GB标配版/全网通） Pcs",NULL,NULL,NULL,NULL,NULL,NULL
TKMB19050XRX,"手机 OPPO A37M (二手机/A37F/全网通4G/2GB*16GB） Pcs",a1,NULL,NULL,290,NULL,NULL
TKMB19050XWL,"手机 华为 Mate 9(二手机/MHA TL00/全网通移动定制版/4GB*64GB ) Pcs",NULL,NULL,NULL,NULL,NULL,NULL
TKMB19050XWR,"手机 华为 P9(二手机/P9/标准版全网通/3GB*32GB） Pcs",a1,NULL,NULL,290,NULL,NULL
TKMB19050XXP,"手机 三星 GALAXY S8(二手机/4GB*64GB/双卡版/全网通） Pcs",a1,NULL,"2021-02-26 00:00:00",20,zby11->9,NULL
TKMB19070049,"手机 realme X（全网通4G/ 4GB+64GB/颜色随机） Pcs",a1,b2_ot_public_cloud,"2020-09-28 00:00:00",46,,"no wetestservice"
TKMB190700Y4,"手机 OPPO R9SK(4GB+64GB 全网4GJDI屏幕/颜色随机) Pcs",a1,NULL,NULL,290,NULL,NULL
TKMB190700YP,"手机 vivo Y55（2GB+16GB 全网通4G 双卡双待 颜色随机） Pcs",a1,b2_ot_public_cloud,"2020-09-28 00:00:00",46,,"no wetestservice"
TKMB19070189,"手机 华为 P30 Pro(全网通4G手机/8G+128G/颜色随机) Pcs",NULL,NULL,NULL,NULL,NULL,NULL
TKMB190701F1,"手机 华为 畅享7 Plus （全网通4G/双卡双待/3GRAM+32G ROM/颜色随机） Pcs",a1,b2_ot_public_cloud,"2020-09-28 00:00:00",46,,"no wetestservice"
TKMB190701F6,"手机 OPPO R9 PLUSTM A（4GB+64GB 移动定制版全网4G/颜色随机) Pcs",a1,b2_ot_public_cloud,"2020-09-28 00:00:00",46,,"no wetestservice"
TKMB190701F9,"手机 华为 麦芒5 （全网通4G手机/4GB+64GB/颜色随机） Pcs",a1,NULL,NULL,290,NULL,NULL
TKMB190701FW,"手机 vivo X20 （4GB+64GB 全网通4G手机 双卡双待 颜色随机） Pcs",a1,NULL,NULL,290,NULL,NULL
TKMB190701YM,"手机 华为 荣耀 畅玩4C(CHM-TL00)（移动4G/TD-LTE/定制版/16G/颜色随机） Pcs",a1,NULL,NULL,290,NULL,NULL
TKMB1908004M,"手机 小米 红米Note4X（移动联通电信4G/32G/颜色随机） Pcs",a1,NULL,"2021-02-26 00:00:00",20,zby11->9,NULL
TKMB1908004T,"手机 小米 红米Note4X（移动联通电信4G/32G/颜色随机） Pcs",a1,NULL,NULL,290,NULL,NULL
TKMB19080059,"手机 华为HUAWEI 华nova 3e（全网通/4GB +64GB/双卡双待/颜色随机） 台",NULL,NULL,NULL,NULL,NULL,NULL
TKMB190800E0,"手机 华为 荣耀9(青春版全网通高配版/4GB+32GB/颜色随机) Pcs",NULL,NULL,NULL,NULL,NULL,NULL
TKMB190800E4,"手机 OPPO R11 PLUS（6GB+64GB 全网通4G 双卡双待/颜色随机） Pcs",a1,NULL,NULL,290,NULL,NULL
TKMB190800E7,"手机 华为 麦芒5 （全网通4G手机/4GB+64GB/颜色随机） Pcs",a1,b2_ot_public_cloud,"2020-09-28 00:00:00",46,,"no wetestservice"
TKMB190800RE,"京东-华为畅享8 全面屏三卡槽 4GB+64GB 金色 全网通高配版 移动联通电信4G手机 双卡双待(6737464)",a1,NULL,NULL,290,NULL,NULL
TKMB190800RG,"手机 华为 P9（4GB+64GB全网通 高配版 颜色随机） Pcs",a1,NULL,NULL,290,NULL,NULL
TKMB190800RN,"手机 华为 荣耀畅玩7X（全网通/4G*32G/ 颜色随机） Pcs",a1,NULL,NULL,290,NULL,NULL
TKMB190800RW,"手机 vivo X9s L（4GB+64GB 移动定制版全网通4G手机 双卡双待 颜色随机） Pcs",a1,NULL,NULL,290,NULL,NULL
TKMB190801W3,"手机 OPPO A37M （2GB+16GB全网通4G手机 双卡双待/颜色随机） Pcs",a1,,NULL,290,NULL,NULL
TKMB190801X3,"手机 vivo X7 Plus（移动联通电信4G/RAM 4GB/ROM 64G/颜色随机） Pcs",a1,NULL,NULL,290,NULL,NULL
TKMB19090094,"京东-【千玺代言】华为新品 HUAWEI nova 4 极点全面屏手机 2000万超广角三摄 8GB+128GB 亮黑色 全网通双卡双待(100002433222)",a1,NULL,"2021-02-26 00:00:00",20,zby11->9,NULL
TKMB190900TA,"手机 VIVO IQOO Pro(全网通5G手机/双卡双待/8G+128G/颜色随机) Pcs(12138)",NULL,NULL,NULL,NULL,NULL,NULL
TKMB190900TF,"手机 荣耀 9X (全网通4G/4GB+64GB/颜色随机) Pcs(11811)",a1,b2_ot_public_cloud,"2020-09-28 00:00:00",46,,"no wetestservice"
TKMB1909015P,"手机 三星 手机 三星 SM-J701F (国际版/2GB+16GB/颜色随机)（自行采购） Pcs",a1,NULL,NULL,NULL,NULL,NULL
TKMB1910006J,"手机 小米 CC9e(全网通4G手机/双卡双待/4G+64G/颜色随机） Pcs(11703)",a1,NULL,NULL,290,NULL,NULL
TKMB191001FX,"手机 三星 华为 HUAWEI Mate 30 Pro 麒麟990旗舰芯片OLED环幕屏双4000万徕卡电影四摄8GB+128GB亮黑色4G全网通手机 Pcs",NULL,NULL,NULL,NULL,NULL,NULL
TKMB191002Y9,"手机 华为 P10 plus( 移动联通电信4G/双卡双待/ 6GB+128GB/颜色随机) Pcs",a1,NULL,NULL,290,NULL,NULL
TKMB191200NP,"手机 VIVO VIVO Y67 (4GB+64GB) Pcs",a1,NULL,NULL,290,NULL,NULL
TKMB191200NW,"手机 VIVO VIVO Y67 (4GB+64GB) Pcs",a1,NULL,NULL,290,NULL,NULL
TKMB191200NY,"手机 VIVO VIVO X21A (4GB+64GB) Pcs",NULL,NULL,NULL,NULL,NULL,NULL
TKMB19120108,"手机 华为 华为 HWI-AL00 (4GB+64GB) Pcs",NULL,NULL,NULL,NULL,NULL,NULL
TKMB19120109,"手机 华为 华为 HWI-AL00 (4GB+64GB) Pcs",NULL,NULL,NULL,NULL,NULL,NULL
TKMB1912010E,"手机 VIVO VIVO X9L (4GB+64GB) Pcs",a1,b2_ot_public_cloud,"2020-09-28 00:00:00",46,,"no wetestservice"
TKMB1912010M,"手机 小米 小米 MI-5SPLUS (4GB+64GB) Pcs",NULL,NULL,NULL,NULL,NULL,NULL
TKMB1912010R,"手机 OPPO OPPO R9S (4GB+64GB) Pcs",a1,NULL,NULL,290,NULL,NULL
TKMB1912010Y,"手机 VIVO VIVO X6A (4GB+64GB) Pcs",a1,NULL,NULL,290,NULL,NULL
TKMB19120111,"手机 华为 华为 PIC-AL00 (4GB+64GB) Pcs",NULL,NULL,NULL,NULL,NULL,NULL
TKMB1912012T,"手机 华为 华为 VTR-AL00 (4GB+64GB) Pcs",a1,b2_ot_public_cloud,"2020-09-28 00:00:00",46,,"no wetestservice"
TKMB1912012W,"手机 VIVO VIVO XPLAY5A (4GB+64GB) Pcs",a1,b2_ot_public_cloud,"2020-09-28 00:00:00",46,,"no wetestservice"
TKMB19120134,"手机 VIVO VIVO XPLAY6 (4GB+64GB) Pcs",a1,b2_ot_public_cloud,"2020-09-28 00:00:00",46,,"no wetestservice"
TKMB1912013W,"手机 OPPO OPPO PACM00 (4GB+64GB) Pcs",NULL,NULL,NULL,NULL,NULL,NULL
TKMB1912022F,"手机 三星(SAMSUNG) SM-J730G (国际版/二手机/3GB+32GB/颜色随机) Pcs(13397)",b2,teg,"2020-11-09 00:00:00",5,PR-GO-201909020166,NULL
TKMB1912022R,"手机 三星(SAMSUNG) SM-J730G (国际版/二手机/3GB+32GB/颜色随机) Pcs(13397)",b2,teg,"2020-11-09 00:00:00",5,PR-GO-201909020166,NULL
TKMB1912022X,"手机 三星(SAMSUNG) SM-J810M (国际版/3GB+32GB/颜色随机) Pcs(13396)",b2,teg,"2020-11-09 00:00:00",5,PR-GO-201909020166,NULL
TKMB1912026M,"平板电脑 台电 T20（X27十核10.1英寸2.5k夏普屏 4+64G） Pcs",c2,b2_top300_cloud,"2020-05-08 00:00:00",60,PR-GO-201911290342,NULL
TKMB191202MT,"手机 酷派 酷玩8 Lite 6"高清全面屏 1300万双摄 私密双系统/3GB+32GB 双卡双待全网通/颜色随机 Pcs"",c2,b2_top300_cloud,"2020-04-24 00:00:00",49,PR-GO-201911290342,NULL
TKMB191202YL,"手机 酷派 酷派(coolpad) 酷玩8 6.2“FHD全面屏 高清双摄 4GB+64GB 4000mAh长续航/全网通4G手机 双卡双待/颜色随机 Pcs",c2,b2_top300_cloud,"2020-04-24 00:00:00",49,PR-GO-201911290342,NULL
TKMB191204AA,"京东-努比亚 nubia 红魔3S电竞游戏手机 8GB+128GB 银色风暴 骁龙855Plus UFS3.0 内置风扇 5000mAh大电池 全面屏(100006881012)",c2,b2_top300_cloud,"2020-04-26 00:00:00",50,PR-GO-201911290342,NULL
TKMB191206AE,"手机 三星(SAMSUNG) SM-G965U1 (国际版/6GB+64GB/颜色随机) Pcs(13398)",b2,teg,"2020-11-09 00:00:00",5,PR-GO-201909020166,NULL
TKMB191206AW,"手机 三星(SAMSUNG) SM-G965U1 (国际版/6GB+64GB/颜色随机) Pcs(13398)",b2,teg,"2020-11-09 00:00:00",5,PR-GO-201909020166,NULL
TKMB191206M6,"手机 OPPO R11T（二手机/R11T/移动定制版本/4GB*64GB） Pcs",c2,b2_top100_cloud,"2020-01-12 00:00:00",104,PR-GO-201911040151,NULL
TKMB1912072J,"手机 华为 荣耀20（全网通4G/8GB+128GB/颜色不限） Pcs",c2,b2_top100_cloud,"2020-01-12 00:00:00",104,PR-GO-201912110849,NULL
TKMB19120780,"手机 华为 华为 lld－al00(4GB+64GB) Pcs",NULL,NULL,NULL,NULL,NULL,NULL
TKMB19120789,"手机 华为 华为 LON-AL00(4G+128G) Pcs",a1,NULL,NULL,290,NULL,NULL
TKMB1912078N,"手机 华为 华为 jat-al00(4GB+64GB) Pcs",NULL,NULL,NULL,NULL,NULL,NULL
TKMB1912078X,"手机 华为 华为 RNE-ALOO(4G+64G) Pcs",a1,NULL,NULL,290,NULL,NULL
TKMB1912078Y,"手机 华为 华为 PRA-AL00X(4G+64G) Pcs",a1,NULL,NULL,290,NULL,NULL
TKMB19120791,"手机 OPPO OPPO R11PLUS(4G+64G) Pcs",a1,NULL,NULL,290,NULL,NULL
TKMB19120794,"手机 OPPO OPPO a77t(4GB+32GB) Pcs",a1,b2_ot_public_cloud,"2020-09-28 00:00:00",46,,"no wetestservice"
TKMB19120799,"手机 OPPO OPPO R9ST(4G+64G) Pcs",NULL,NULL,NULL,NULL,NULL,NULL
TKMB1912079F,"手机 华为 华为 VIE-AL10(4G+64G) Pcs",a1,NULL,NULL,290,NULL,NULL
TKMB1912079P,"手机 OPPO OPPO A83T(4G+32G) Pcs",a1,b2_ot_public_cloud,"2020-09-28 00:00:00",46,,"no wetestservice"
TKMB1912079R,"手机 华为 华为 BAC-AL00(4G+64G) Pcs",a1,NULL,NULL,290,NULL,NULL
TKMB191207A3,"手机 小米 小米 MI6(4G+64G) Pcs",a1,NULL,"2021-02-26 00:00:00",20,zby11->9,NULL
TKMB191207A6,"手机 华为 华为 CLT-AL01(6G+128G) Pcs",NULL,NULL,NULL,NULL,NULL,NULL
TKMB191207AL,"手机 华为 华为 STF-AL10(4G+128G) Pcs",a1,NULL,NULL,290,NULL,NULL
TKMB191207P2,"手机 VIVO VIVO X9SL(4G+64G) Pcs",a1,NULL,NULL,290,NULL,NULL
TKMB191207P3,"手机 VIVO VIVO V1829A(8G+128G) Pcs",NULL,NULL,NULL,NULL,NULL,NULL
TKMB200303E5,"手机 黑鲨 腾讯黑鲨游戏手机3 8GB+128GB 星辰银 骁龙865 270Hz触控采样率 游戏语音操控 双模5G全网通（自行采购） Pcs",a6,b2_oteam_wzry,"2020-03-03 00:00:00",3,STI202003243733,"no wetestservice"
TKMB200303E6,"手机 黑鲨 腾讯黑鲨游戏手机3 8GB+128GB 星辰银 骁龙865 270Hz触控采样率 游戏语音操控 双模5G全网通（自行采购） Pcs",a6,b2_oteam_wzry,"2020-03-03 00:00:00",3,STI202003243733,"no wetestservice"
TKMB200303E7,"平板电脑 华为 华为（HUAWEI） 荣耀畅玩平板2 9.6英寸平板电脑pad 四核10安卓手机平板可选通话平板 苍穹灰 WiFi版 AGS-W09 3G+32G（自行采购） Pcs",NULL,NULL,NULL,NULL,NULL,NULL
TKMB200303E9,"平板电脑 华为 华为（HUAWEI） 荣耀畅玩平板2 8英寸四核IPS屏pad平板电脑可选4G通话手机平板安卓平板 KOB-W09 WiFi版 3G+32G 苍穹灰（自行采购） Pcs",NULL,NULL,NULL,NULL,NULL,NULL
TKMB2004060P,荣耀20（全网通4G/8GB+128GB/颜色不限）,a1,NULL,NULL,290,NULL,NULL
TKMB200500J1,"手机 华为 畅享MAX(二手机移动4G版ARS-TL004GB+64GB颜色随机) Pcs(14194)",a1,NULL,"2020-05-22 00:00:00",NULL,a6->a1,NULL
TKMB200500XE,"手机 OPPO R7 Plus m(二手机/全网通4G手机/4GB+64GB/颜色随机) Pcs(14216)",a6,a6_top300_cloud,"2021-02-03 00:00:00",38,PR-GO-202004300808,NULL
TKMB200500XX,"手机 小米 4 (二手机/移动4G版/3GB+16GB/颜色随机) Pcs(14237)",a6,a6_top300_cloud,"2021-02-03 00:00:00",38,PR-GO-202004300807,NULL
TKMB2005032P,"手机 华为 nova2(二手机全网通4G手机4GB+64GB颜色不限) Pcs(14215)",a6,a6_top300_cloud,"2021-02-03 00:00:00",38,PR-GO-202005111630,NULL
TKMB2007032E,"手机 三星 SAMSUNG SM-A205F （4GB+64GB/美版）（自行采购） Pcs",b2,teg,"2020-07-31 00:00:00",62,STI202007303969,NULL
TKMB2007032F,"手机 三星 SAMSUNG SM-A205F （4GB+64GB/美版）（自行采购） Pcs",b2,teg,"2020-07-31 00:00:00",62,STI202007303969,NULL
TKMB2007032G,"手机 三星 SAMSUNG SM-A202F （4GB+64GB/美版）（自行采购） Pcs",b2,teg,"2020-07-31 00:00:00",62,STI202007303969,NULL
TKMB2007032J,"手机 三星 SAMSUNG SM-G960N （4GB+64GB/美版）（自行采购） Pcs",b2,teg,"2020-07-31 00:00:00",62,STI202007303969,NULL
TKMB2007032L,"手机 谷歌 GOOGLE PIXEL 3 XL （4GB+128GB/美版）（自行采购） Pcs",b2,teg,"2020-07-31 00:00:00",62,STI202007303969,NULL
TKMB2007032M,"手机 三星 SAMSUNG SM-G9350 (4GB+64GB/美版)（自行采购） Pcs",b2,teg,"2020-07-31 00:00:00",62,STI202007303969,NULL
TKMB2007032N,"手机 三星 SAMSUNG SM-G9350 (4GB+64GB/美版)（自行采购） Pcs",b2,teg,"2020-07-31 00:00:00",62,STI202007303969,NULL
TKMB2007032T,"手机 三星 SAMSUNG SM-A202F （4GB+64GB/美版）（自行采购） Pcs",b2,teg,"2020-07-31 00:00:00",62,STI202007303969,NULL
TKMB2007032X,"手机 三星 SAMSUNG SM-G960N （4GB+64GB/美版）（自行采购） Pcs",b2,teg,"2020-07-31 00:00:00",62,STI202007303969,NULL
TKMB2007032Y,"手机 谷歌 GOOGLE PIXEL 3 XL （4GB+128GB/美版）（自行采购） Pcs",b2,teg,"2020-07-31 00:00:00",62,STI202007303969,NULL
TKMB20070330,"手机 LG LG LM-X625N （2GB+32GB/韩版）（自行采购） Pcs",b2,teg,"2020-07-31 00:00:00",62,STI202007303969,NULL
TKMB20070331,"手机 LG LG LM-X625N （2GB+32GB/韩版）（自行采购） Pcs",b2,teg,"2020-07-31 00:00:00",62,STI202007303969,NULL
TKMB20070332,"手机 小米 XIAOMI MI A2 LITE (3GB+32GB/欧版)（自行采购） Pcs",b2,teg,"2020-07-31 00:00:00",62,STI202007303969,NULL
TKMB20070333,"手机 小米 XIAOMI MI A2 LITE (3GB+32GB/欧版)（自行采购） Pcs",b2,teg,"2020-07-31 00:00:00",62,STI202007303969,NULL
TKMB20070334,"手机 redmi REDMI REDMI 5A (2GB+16GB/印度版)（自行采购） Pcs",b2,teg,"2020-07-31 00:00:00",62,STI202007303969,NULL
TKMB20070335,"手机 redmi REDMI REDMI 5A (2GB+16GB/印度版)（自行采购） Pcs",b2,teg,"2020-07-31 00:00:00",62,STI202007303969,NULL
TKMB20070336,"手机 华为 HUAWEI LLD-L31 （4GB+64GB/欧版）（自行采购） Pcs",b2,teg,"2020-07-31 00:00:00",62,STI202007303969,NULL
TKMB20070337,"手机 华为 HUAWEI LLD-L31 （4GB+64GB/欧版）（自行采购） Pcs",b2,teg,"2020-07-31 00:00:00",62,STI202007303969,NULL
TKMB20070338,"手机 LG LG LGM-G600S （4GB+64GB/韩版）（自行采购） Pcs",b2,teg,"2020-07-31 00:00:00",62,STI202007303969,NULL
TKMB20070339,"手机 LG LG LGM-G600S （4GB+64GB/韩版）（自行采购） Pcs",b2,teg,"2020-07-31 00:00:00",62,STI202007303969,NULL
TKMB2007033A,"手机 三星 SAMSUNG SM-A105G （4GB+64GB/美版）（自行采购） Pcs",b2,teg,"2020-07-31 00:00:00",62,STI202007303969,NULL
TKMB2007033E,"手机 摩托罗拉 MOT MOTO G(7) POWER （4GB+64GB/美版）（自行采购） Pcs",b2,teg,"2020-07-31 00:00:00",62,STI202007303969,NULL
TKMB2007033F,"手机 摩托罗拉 MOT MOTO G(7) POWER （4GB+64GB/美版）（自行采购） Pcs",b2,teg,"2020-07-31 00:00:00",62,STI202007303969,NULL
TKMB2007033G,"手机 LG LG LM-X415S （4GB+64GB/韩版）（自行采购） Pcs",b2,teg,"2020-07-31 00:00:00",62,STI202007303969,NULL
TKMB2007033J,"手机 redmi REDMI REDMI 6 PRO (2GB+16GB/印度版)（自行采购） Pcs",b2,teg,"2020-07-31 00:00:00",62,STI202007303969,NULL
TKMB2007033L,"手机 三星 SAMSUNG SM-A105F (2GB+16GB/美版)（自行采购） Pcs",b2,teg,"2020-07-31 00:00:00",62,STI202007303969,NULL
TKMB2007033M,"手机 redmi REDMI REDMI 5 PLUS （3GB+128GB/印度版）（自行采购） Pcs",b2,teg,"2020-07-31 00:00:00",62,STI202007303969,NULL
TKMB2007033N,"手机 redmi REDMI REDMI 5 PLUS （3GB+128GB/印度版）（自行采购） Pcs",b2,teg,"2020-07-31 00:00:00",62,STI202007303969,NULL
TKMB2007033P,"手机 三星 SAMSUNG SM-A105G （4GB+64GB/美版）（自行采购） Pcs",b2,teg,"2020-07-31 00:00:00",62,STI202007303969,NULL
TKMB2007033R,"手机 三星 SAMSUNG SM-N910S （6GB+128GB/日版）（自行采购） Pcs",b2,teg,"2020-07-31 00:00:00",62,STI202007303969,NULL
TKMB2007033T,"手机 LG LG LM-X415S （4GB+64GB/韩版）（自行采购） Pcs",b2,teg,"2020-07-31 00:00:00",62,STI202007303969,NULL
TKMB2007033W,"手机 三星 SAMSUNG SM-N910S （6GB+128GB/日版）（自行采购） Pcs",b2,teg,"2020-07-31 00:00:00",62,STI202007303969,NULL
TKMB2007033X,"手机 redmi REDMI REDMI 6 PRO (2GB+16GB/印度版)（自行采购） Pcs",b2,teg,"2020-07-31 00:00:00",62,STI202007303969,NULL
TKMB2007033Y,"手机 三星 SAMSUNG SM-A105F (2GB+16GB/美版)（自行采购） Pcs",b2,teg,"2020-07-31 00:00:00",62,STI202007303969,NULL
TKMB20070340,"手机 三星 SAMSUNG SM-A305N （4GB+64GB/韩版）（自行采购） Pcs",b2,teg,"2020-07-31 00:00:00",62,STI202007303969,NULL
TKMB20070341,"手机 三星 SAMSUNG SM-A305N （4GB+64GB/韩版）（自行采购） Pcs",b2,teg,"2020-07-31 00:00:00",62,STI202007303969,NULL
TKMB20070342,"手机 三星 SAMSUNG SM-A505FN (3GB+32GB/欧版)（自行采购） Pcs",b2,teg,"2020-07-31 00:00:00",62,STI202007303969,NULL
TKMB20070343,"手机 三星 SAMSUNG SM-A505FN (3GB+32GB/欧版)（自行采购） Pcs",b2,teg,"2020-07-31 00:00:00",62,STI202007303969,NULL
TKMB20070344,"手机 三星 SAMSUNG SM-N916S (3GB+32GB/日版)（自行采购） Pcs",b2,teg,"2020-07-31 00:00:00",62,STI202007303969,NULL
TKMB20070345,"手机 三星 SAMSUNG SM-N916S (3GB+32GB/日版)（自行采购） Pcs",b2,teg,"2020-07-31 00:00:00",62,STI202007303969,NULL
TKMB20070346,"手机 华为 HUAWEI SNE-LX1 (4GB+64GB/欧版)（自行采购） Pcs",b2,teg,"2020-07-31 00:00:00",62,STI202007303969,NULL
TKMB20070347,"手机 华为 HUAWEI SNE-LX1 (4GB+64GB/欧版)（自行采购） Pcs",b2,teg,"2020-07-31 00:00:00",62,STI202007303969,NULL
TKMB20070348,"手机 三星 SAMSUNG SM-A605G (4GB+16GB/美版)（自行采购） Pcs",b2,teg,"2020-07-31 00:00:00",62,STI202007303969,NULL
TKMB20070349,"手机 三星 SAMSUNG SM-A605G (4GB+16GB/美版)（自行采购） Pcs",b2,teg,"2020-07-31 00:00:00",62,STI202007303969,NULL
TKMB2007034A,"手机 三星 SAMSUNG SM-J330G（2GB+16GB/欧版）（自行采购） Pcs",b2,teg,"2020-07-31 00:00:00",62,STI202007303969,NULL
TKMB2007034E,"手机 三星 SAMSUNG SM-J530K （4GB+64GB/韩版）（自行采购） Pcs",b2,teg,"2020-07-31 00:00:00",62,STI202007303969,NULL
TKMB2007034F,"手机 三星 SAMSUNG SM-J530K （4GB+64GB/韩版）（自行采购） Pcs",b2,teg,"2020-07-31 00:00:00",62,STI202007303969,NULL
TKMB2007034G,"手机 华为 HUAWEI POT-LX1 （4GB+64GB/欧版）（自行采购） Pcs",b2,teg,"2020-07-31 00:00:00",62,STI202007303969,NULL
TKMB2007034J,"手机 OPPO OPPO OPPO A37M （2GB+16GB/日版）（自行采购） Pcs",b2,teg,"2020-07-31 00:00:00",62,STI202007303969,NULL
TKMB2007034L,"手机 三星 SAMSUNG SM-G960F （4GB+64GB/美版）（自行采购） Pcs",b2,teg,"2020-07-31 00:00:00",62,STI202007303969,NULL
TKMB2007034M,"手机 OPPO OPPO A37F (2GB+16GB/美版)（自行采购） Pcs",b2,teg,"2020-07-31 00:00:00",62,STI202007303969,NULL
TKMB2007034N,"手机 OPPO OPPO A37F (2GB+16GB/美版)（自行采购） Pcs",b2,teg,"2020-07-31 00:00:00",62,STI202007303969,NULL
TKMB2007034P,"手机 三星 SAMSUNG SM-J330G（2GB+16GB/欧版）（自行采购） Pcs",b2,teg,"2020-07-31 00:00:00",62,STI202007303969,NULL
TKMB2007034R,"手机 谷歌 GOOGLE PIXEL 2 XL （4GB+64GB/美版）（自行采购） Pcs",b2,teg,"2020-07-31 00:00:00",62,STI202007303969,NULL
TKMB2007034T,"手机 华为 HUAWEI POT-LX1 （4GB+64GB/欧版）（自行采购） Pcs",b2,teg,"2020-07-31 00:00:00",62,STI202007303969,NULL
TKMB2007034W,"手机 谷歌 GOOGLE PIXEL 2 XL （4GB+64GB/美版）（自行采购） Pcs",b2,teg,"2020-07-31 00:00:00",62,STI202007303969,NULL
TKMB2007034X,"手机 OPPO OPPO OPPO A37M （2GB+16GB/日版）（自行采购） Pcs",b2,teg,"2020-07-31 00:00:00",62,STI202007303969,NULL
TKMB2007034Y,"手机 三星 SAMSUNG SM-G960F （4GB+64GB/美版）（自行采购） Pcs",b2,teg,"2020-07-31 00:00:00",62,STI202007303969,NULL
TKMB20070350,"手机 OPPO OPPO OPPO A57 （3GB+32GB/欧版）（自行采购） Pcs",b2,teg,"2020-07-31 00:00:00",62,STI202007303969,NULL
TKMB20070351,"手机 OPPO OPPO OPPO A57 （3GB+32GB/欧版）（自行采购） Pcs",b2,teg,"2020-07-31 00:00:00",62,STI202007303969,NULL
TKMB20070352,"手机 三星 SAMSUNG SM-G950F (4GB+64GB/美版)（自行采购） Pcs",b2,teg,"2020-07-31 00:00:00",62,STI202007303969,NULL
TKMB20070353,"手机 三星 SAMSUNG SM-G950F (4GB+64GB/美版)（自行采购） Pcs",b2,teg,"2020-07-31 00:00:00",62,STI202007303969,NULL
TKMB20080208,"手机 华为 畅享 10S (全网通4G6GB+64GB颜色随机) Pcs(13012)",a6,a6_top300_cloud,"2021-02-03 00:00:00",38,PR-GO-202005111630,NULL
TKMB200901E2,"手机 OPPO R9tm(二手机移动全网通4GB+64GB颜色随机) Pcs",a6,a6_top300_cloud,"2021-02-03 00:00:00",38,PR-GO-202005111630,NULL
TKMB201001L0,"REDMI NOTE 1S （1GB+8GB/东南亚版）自行采购",b2,teg,"2020-10-27 00:00:00",139,STI202009294119,NULL
TKMB201001L1,"REDMI NOTE 1S （1GB+8GB/东南亚版）自行采购",b2,teg,"2020-10-27 00:00:00",139,STI202009294119,NULL
TKMB201001L2,"HWAWEI MAR-LX2J (6GB+128GB/欧版)自行采购",b2,teg,"2020-10-27 00:00:00",139,STI202009294119,NULL
TKMB201001L3,"HWAWEI MAR-LX2J (6GB+128GB/欧版)自行采购",b2,teg,"2020-10-27 00:00:00",139,STI202009294119,NULL
TKMB201001L4,"SONY SO-01K （4GB+64GB/日版）自行采购",b2,teg,"2020-10-27 00:00:00",139,STI202009294119,NULL
TKMB201001L5,"SONY SO-01K （4GB+64GB/日版）自行采购",b2,teg,"2020-10-27 00:00:00",139,STI202009294119,NULL
TKMB201001L6,"OPPO X9009 （2GB+16GB/美版）自行采购",b2,teg,"2020-10-27 00:00:00",139,STI202009294119,NULL
TKMB201001L7,"OPPO OPPO R11ST （2GB+32GB/美版）自行采购",b2,teg,"2020-10-27 00:00:00",139,STI202009294119,NULL
TKMB201001L8,"OPPO OPPO R11ST （2GB+32GB/美版）自行采购",b2,teg,"2020-10-27 00:00:00",139,STI202009294119,NULL
TKMB201001L9,"SAMSUNG SM-A305F （4GB+64GB/美版）自行采购",b2,teg,"2020-10-27 00:00:00",139,STI202009294119,NULL
TKMB201001LA,"SHARP 706SH （4GB+64GB/美版）自行采购",b2,teg,"2020-10-27 00:00:00",139,STI202009294119,NULL
TKMB201001LE,"REDMI REDMI NOTE 7 （4GB+64GB/印度版）自行采购",b2,teg,"2020-10-27 00:00:00",139,STI202009294119,NULL
TKMB201001LF,"REDMI REDMI NOTE 7 （4GB+64GB/印度版）自行采购",b2,teg,"2020-10-27 00:00:00",139,STI202009294119,NULL
TKMB201001LG,"REDMI REDMI 6A （3GB+32GB/印度版）自行采购",b2,teg,"2020-10-27 00:00:00",139,STI202009294119,NULL
TKMB201001LJ,"SONY SOV36 （4GB+64GB/日版）自行采购",b2,teg,"2020-10-27 00:00:00",139,STI202009294119,NULL
TKMB201001LL,"REDMI REDMI NOTE 8T （4GB+64GB/美版）自行采购",b2,teg,"2020-10-27 00:00:00",139,STI202009294119,NULL
TKMB201001LM,"REDMI REDMI NOTE 5A （3GB+32GB/印度版）自行采购",b2,teg,"2020-10-27 00:00:00",139,STI202009294119,NULL
TKMB201001LN,"SAMSUNG SM-J260F （2GB+16GB/国际版）自行采购",b2,teg,"2020-10-27 00:00:00",139,STI202009294119,NULL
TKMB201001LP,"SHARP 706SH （4GB+64GB/美版）自行采购",b2,teg,"2020-10-27 00:00:00",139,STI202009294119,NULL
TKMB201001LR,"SAMSUNG SM-G928S （3GB+32GB/美版）自行采购",b2,teg,"2020-10-27 00:00:00",139,STI202009294119,NULL
TKMB201001LT,"REDMI REDMI 6A （3GB+32GB/印度版）自行采购",b2,teg,"2020-10-27 00:00:00",139,STI202009294119,NULL
TKMB201001LW,"SAMSUNG SM-G928S （3GB+32GB/美版）自行采购",b2,teg,"2020-10-27 00:00:00",139,STI202009294119,NULL
TKMB201001LX,"SONY SOV36 （4GB+64GB/日版）自行采购",b2,teg,"2020-10-27 00:00:00",139,STI202009294119,NULL
TKMB201001LY,"REDMI REDMI NOTE 8T （4GB+64GB/美版）自行采购",b2,teg,"2020-10-27 00:00:00",139,STI202009294119,NULL
TKMB201001M0,"SAMSUNG SM-J260F （2GB+16GB/国际版）自行采购",b2,teg,"2020-10-27 00:00:00",139,STI202009294119,NULL
TKMB201001M1,"NOKIA NOKIA 5.1 PLUS （4GB+64GB/美版）自行采购",b2,teg,"2020-10-27 00:00:00",139,STI202009294119,NULL
TKMB201001M2,"NOKIA NOKIA 5.1 PLUS （4GB+64GB/美版）自行采购",b2,teg,"2020-10-27 00:00:00",139,STI202009294119,NULL
TKMB201001M3,"REDMI REDMI 6 （4GB+64GB/印度版）自行采购",b2,teg,"2020-10-27 00:00:00",139,STI202009294119,NULL
TKMB201001M4,"REDMI REDMI 6 （4GB+64GB/印度版）自行采购",b2,teg,"2020-10-27 00:00:00",139,STI202009294119,NULL
TKMB201001M5,"SAMSUNG SM-J810Y （4GB+64GB/美版）自行采购",b2,teg,"2020-10-27 00:00:00",139,STI202009294119,NULL
TKMB201001M6,"SAMSUNG SM-J810Y （4GB+64GB/美版）自行采购",b2,teg,"2020-10-27 00:00:00",139,STI202009294119,NULL
TKMB201001M7,"SAMSUNG SM-G973F （8GB+128GB/全球版）自行采购",b2,teg,"2020-10-27 00:00:00",139,STI202009294119,NULL
TKMB201001M8,"SAMSUNG SM-G973F （8GB+128GB/全球版）自行采购",b2,teg,"2020-10-27 00:00:00",139,STI202009294119,NULL
TKMB201001M9,"HUAWEI RNE-L22 （2GB+32GB/东南亚版）自行采购",b2,teg,"2020-10-27 00:00:00",139,STI202009294119,NULL
TKMB201001MA,"HUAWEI RNE-L22 （2GB+32GB/东南亚版）自行采购",b2,teg,"2020-10-27 00:00:00",139,STI202009294119,NULL
TKMB201001ME,"HUAWEI EVA-L09 （4GB+64GB/印度版）自行采购",b2,teg,"2020-10-27 00:00:00",139,STI202009294119,NULL
TKMB201001MF,"SAMSUNG SM-T530 （4GB+64GB/美版）自行采购",b2,teg,"2020-10-27 00:00:00",139,STI202009294119,NULL
TKMB201001MG,"SAMSUNG SM-T530 （4GB+64GB/美版）自行采购",b2,teg,"2020-10-27 00:00:00",139,STI202009294119,NULL
TKMB201001MJ,"SAMSUNG SM-G925S （3GB+32GB/美版）自行采购",b2,teg,"2020-10-27 00:00:00",139,STI202009294119,NULL
TKMB201001ML,"SAMSUNG SM-A710F （3GB+32GB/欧版）自行采购",b2,teg,"2020-10-27 00:00:00",139,STI202009294119,NULL
TKMB201001MM,"SAMSUNG SM-A710F （3GB+32GB/欧版）自行采购",b2,teg,"2020-10-27 00:00:00",139,STI202009294119,NULL
TKMB201001MN,"SAMSUNG SM-T580 （4GB+64GB/美版）自行采购",b2,teg,"2020-10-27 00:00:00",139,STI202009294119,NULL
TKMB201001MP,"HUAWEI MAR-LX2 （6GB+128GB/欧版）自行采购",b2,teg,"2020-10-27 00:00:00",139,STI202009294119,NULL
TKMB201001MR,"HUAWEI EVA-L09 （4GB+64GB/印度版）自行采购",b2,teg,"2020-10-27 00:00:00",139,STI202009294119,NULL
TKMB201001MT,"HUAWEI STK-L22 （3GB+32GB/欧版）自行采购",b2,teg,"2020-10-27 00:00:00",139,STI202009294119,NULL
TKMB201001MW,"HUAWEI MAR-LX2 （6GB+128GB/欧版）自行采购",b2,teg,"2020-10-27 00:00:00",139,STI202009294119,NULL
TKMB201001MX,"HUAWEI STK-L22 （3GB+32GB/欧版）自行采购",b2,teg,"2020-10-27 00:00:00",139,STI202009294119,NULL
TKMB201001MY,"SAMSUNG SM-G925S （3GB+32GB/美版）自行采购",b2,teg,"2020-10-27 00:00:00",139,STI202009294119,NULL
TKMB201001N0,"SAMSUNG SM-T580 （4GB+64GB/美版）自行采购",b2,teg,"2020-10-27 00:00:00",139,STI202009294119,NULL
TKMB201001N1,"OPPO OPPO R11S PLUST（6GB+64GB/美版）自行采购",b2,teg,"2020-10-27 00:00:00",139,STI202009294119,NULL
TKMB201001N2,"OPPO OPPO R11S PLUST（6GB+64GB/美版）自行采购",b2,teg,"2020-10-27 00:00:00",139,STI202009294119,NULL
TKMB201001N3,"REDMI REDMI 7 （4GB+64GB/印度版）自行采购",b2,teg,"2020-10-27 00:00:00",139,STI202009294119,NULL
TKMB201001N4,"ASUS ASUS_X00ID (3GB+32GB/台版)自行采购",b2,teg,"2020-10-27 00:00:00",139,STI202009294119,NULL
TKMB201001N5,"ASUS ASUS_X00ID (3GB+32GB/台版)自行采购",b2,teg,"2020-10-27 00:00:00",139,STI202009294119,NULL
TKMB201001N6,"SAMSUNG SM-A105FN （4GB+32GB/美版）自行采购",b2,teg,"2020-10-27 00:00:00",139,STI202009294119,NULL
TKMB201001N7,"SAMSUNG SM-A105FN （4GB+32GB/美版）自行采购",b2,teg,"2020-10-27 00:00:00",139,STI202009294119,NULL
TKMB201001N8,"HUAWEI RNE-L21 （2GB+32GB/欧版）自行采购",b2,teg,"2020-10-27 00:00:00",139,STI202009294119,NULL
TKMB201001N9,"HUAWEI RNE-L21 （2GB+32GB/欧版）自行采购",b2,teg,"2020-10-27 00:00:00",139,STI202009294119,NULL
TKMB201001NA,"SAMSUNG SM-G9250 （3GB+64GB/全球版）自行采购",b2,teg,"2020-10-27 00:00:00",139,STI202009294119,NULL
TKMB201001NE,"REDMI REDMI NOTE 8 （4GB+64GB/德版）自行采购",b2,teg,"2020-10-27 00:00:00",139,STI202009294119,NULL
TKMB201001NF,"ONEPLUSE ONEPLUS A3010 （3GB+128GB/美版）自行采购",b2,teg,"2020-10-27 00:00:00",139,STI202009294119,NULL
TKMB201001NG,"ONEPLUSE ONEPLUS A3010 （3GB+128GB/美版）自行采购",b2,teg,"2020-10-27 00:00:00",139,STI202009294119,NULL
TKMB201001NJ,"SAMSUNG SM-G965F （6GB+128GB/全球版）自行采购",b2,teg,"2020-10-27 00:00:00",139,STI202009294119,NULL
TKMB201001NL,"SAMSUNG SM-G928F （3GB+32GB/美版）自行采购",b2,teg,"2020-10-27 00:00:00",139,STI202009294119,NULL
TKMB201001NM,"SAMSUNG SM-G935F （4GB+64GB/全球版）自行采购",b2,teg,"2020-10-27 00:00:00",139,STI202009294119,NULL
TKMB201001NN,"REDMI REDMI NOTE 5 （4GB+64GB/印度版）自行采购",b2,teg,"2020-10-27 00:00:00",139,STI202009294119,NULL
TKMB201001NP,"SAMSUNG SM-G9250 （3GB+64GB/全球版）自行采购",b2,teg,"2020-10-27 00:00:00",139,STI202009294119,NULL
TKMB201001NR,"OPPO OPPO R11 （2GB+32GB/东南亚版）自行采购",b2,teg,"2020-10-27 00:00:00",139,STI202009294119,NULL
TKMB201001NT,"SAMSUNG SM-N960N （6GB+128GB/美版）自行采购",b2,teg,"2020-10-27 00:00:00",139,STI202009294119,NULL
TKMB201001NW,"OPPO OPPO R11 （2GB+32GB/东南亚版）自行采购",b2,teg,"2020-10-27 00:00:00",139,STI202009294119,NULL
TKMB201001NX,"SAMSUNG SM-N960N （6GB+128GB/美版）自行采购",b2,teg,"2020-10-27 00:00:00",139,STI202009294119,NULL
TKMB201001NY,"SAMSUNG SM-G928F （3GB+32GB/美版）自行采购",b2,teg,"2020-10-27 00:00:00",139,STI202009294119,NULL
TKMB201001YG,"SAMSUNG SM-J500H （2GB+16GB/亚版）自行采购",b2,teg,"2020-10-27 00:00:00",139,STI202009294119,NULL
TKMB201001YJ,"OPPO OPPO R9KM （2GB+32GB/东南亚版）自行采购",b2,teg,"2020-10-27 00:00:00",139,STI202009294119,NULL
TKMB201001YL,"SAMSUNG SM-G885F （3GB+32GB/美版）自行采购",b2,teg,"2020-10-27 00:00:00",139,STI202009294119,NULL
TKMB201001YM,"SAMSUNG SM-G935T （3GB+64GB/美版）自行采购",b2,teg,"2020-10-27 00:00:00",139,STI202009294119,NULL
TKMB201001YN,"SAMSUNG SM-G935T （3GB+64GB/美版）自行采购",b2,teg,"2020-10-27 00:00:00",139,STI202009294119,NULL
TKMB201001YT,"SAMSUNG SM-J500H （2GB+16GB/亚版）自行采购",b2,teg,"2020-10-27 00:00:00",139,STI202009294119,NULL
TKMB201001YX,"OPPO OPPO R9KM （2GB+32GB/东南亚版）自行采购",b2,teg,"2020-10-27 00:00:00",139,STI202009294119,NULL
TKMB201001YY,"SAMSUNG SM-G885F （3GB+32GB/美版）自行采购",b2,teg,"2020-10-27 00:00:00",139,STI202009294119,NULL
TKMB20100200,"REDMI REDMI NOTE 5 （4GB+64GB/印度版）自行采购",b2,teg,"2020-10-27 00:00:00",139,STI202009294119,NULL
TKMB20100201,"SONY SOV34 （3GB+64GB/日版）自行采购",b2,teg,"2020-10-27 00:00:00",139,STI202009294119,NULL
TKMB20100202,"SONY SOV34 （3GB+64GB/日版）自行采购",b2,teg,"2020-10-27 00:00:00",139,STI202009294119,NULL
TKMB20100203,"XIAOMI POCOPHONE F1 （6GB+64GB/印度版）自行采购",b2,teg,"2020-10-27 00:00:00",139,STI202009294119,NULL
TKMB20100204,"SAMSUNG SM-G930A （4GB+64GB/美版）自行采购",b2,teg,"2020-10-27 00:00:00",139,STI202009294119,NULL
TKMB20100205,"SAMSUNG SM-G930A （4GB+64GB/美版）自行采购",b2,teg,"2020-10-27 00:00:00",139,STI202009294119,NULL
TKMB20100206,"REDMI REDMI NOTE 7 PRO （4GB+64GB/印度版）自行采购",b2,teg,"2020-10-27 00:00:00",139,STI202009294119,NULL
TKMB20100207,"HUAWEI STK-LX1 （3GB+32GB/欧版）自行采购",b2,teg,"2020-10-27 00:00:00",139,STI202009294119,NULL
TKMB20100208,"HUAWEI STK-LX1 （3GB+32GB/欧版）自行采购",b2,teg,"2020-10-27 00:00:00",139,STI202009294119,NULL
TKMB20100209,"REDMI REDMI 7A （3GB+32GB/印度版）自行采购",b2,teg,"2020-10-27 00:00:00",139,STI202009294119,NULL
TKMB2010020A,"SAMSUNG SM-A705F (3GB+32GB/欧版)自行采购",b2,teg,"2020-10-27 00:00:00",139,STI202009294119,NULL
TKMB2010020E,"SAMSUNG SM-A705FN （6GB+128GB/全球版）自行采购",b2,teg,"2020-10-27 00:00:00",139,STI202009294119,NULL
TKMB2010020F,"SAMSUNG SM-C710F （4GB+32GB/欧版）自行采购",b2,teg,"2020-10-27 00:00:00",139,STI202009294119,NULL
TKMB2010020G,"SAMSUNG SM-C710F （4GB+32GB/欧版）自行采购",b2,teg,"2020-10-27 00:00:00",139,STI202009294119,NULL
TKMB2010020J,"SAMSUNG SM-G925F （3GB+32GB/全球版）自行采购",b2,teg,"2020-10-27 00:00:00",139,STI202009294119,NULL
TKMB2010020L,"OPPO A1601 （3GB+32GB/美版）自行采购",b2,teg,"2020-10-27 00:00:00",139,STI202009294119,NULL
TKMB2010020M,"REDMI REDMI 4A （4GB+64GB/印度版）自行采购",b2,teg,"2020-10-27 00:00:00",139,STI202009294119,NULL
TKMB2010020N,"REDMI REDMI 4A （4GB+64GB/印度版）自行采购",b2,teg,"2020-10-27 00:00:00",139,STI202009294119,NULL
TKMB2010020P,"SAMSUNG SM-A705F (3GB+32GB/欧版)自行采购",b2,teg,"2020-10-27 00:00:00",139,STI202009294119,NULL
TKMB2010020R,"HUAWEI MAR-LX1A （4GB+64GB/欧版）自行采购",b2,teg,"2020-10-27 00:00:00",139,STI202009294119,NULL
TKMB2010020T,"SAMSUNG SM-J710K （3GB+16GB/欧版）自行采购",b2,teg,"2020-10-27 00:00:00",139,STI202009294119,NULL
TKMB2010020W,"HUAWEI MAR-LX1A （4GB+64GB/欧版）自行采购",b2,teg,"2020-10-27 00:00:00",139,STI202009294119,NULL
TKMB2010020X,"SAMSUNG SM-J710K （3GB+16GB/欧版）自行采购",b2,teg,"2020-10-27 00:00:00",139,STI202009294119,NULL
TKMB2010020Y,"SAMSUNG SM-G925F （3GB+32GB/全球版）自行采购",b2,teg,"2020-10-27 00:00:00",139,STI202009294119,NULL
TKMB20100210,"OPPO OPPO R9SK （2GB+16GB/东南亚版）自行采购",b2,teg,"2020-10-27 00:00:00",139,STI202009294119,NULL
TKMB20100211,"OPPO OPPO R9SK （2GB+16GB/东南亚版）自行采购",b2,teg,"2020-10-27 00:00:00",139,STI202009294119,NULL
TKMB20100212,"SAMSUNG SM-G975F （8GB+128GB/全球版）自行采购",b2,teg,"2020-10-27 00:00:00",139,STI202009294119,NULL
TKMB20100213,"SAMSUNG SM-G930F （4GB+64GB/全球版）自行采购",b2,teg,"2020-10-27 00:00:00",139,STI202009294119,NULL
TKMB20100214,"SAMSUNG SM-G930F （4GB+64GB/全球版）自行采购",b2,teg,"2020-10-27 00:00:00",139,STI202009294119,NULL
TKMB20100215,"SAMSUNG SM-J727T1 （3GB+32GB/美版）自行采购",b2,teg,"2020-10-27 00:00:00",139,STI202009294119,NULL
TKMB20100216,"SAMSUNG SM-J727T1 （3GB+32GB/美版）自行采购",b2,teg,"2020-10-27 00:00:00",139,STI202009294119,NULL
TKMB20100217,"OPPO OPPO R11T （2GB+32GB/欧版）自行采购",b2,teg,"2020-10-27 00:00:00",139,STI202009294119,NULL
TKMB20100218,"OPPO OPPO R11T （2GB+32GB/欧版）自行采购",b2,teg,"2020-10-27 00:00:00",139,STI202009294119,NULL
TKMB20100219,"SAMSUNG SM-G973N （4GB+128GB/美版）自行采购",b2,teg,"2020-10-27 00:00:00",139,STI202009294119,NULL
TKMB2010021A,"SAMSUNG SM-G973N （4GB+128GB/美版）自行采购",b2,teg,"2020-10-27 00:00:00",139,STI202009294119,NULL
TKMB2010021E,"HUAWEI BLA-L29 （4GB+64GB/欧版）自行采购",b2,teg,"2020-10-27 00:00:00",139,STI202009294119,NULL
TKMB2010021F,"SAMSUNG SM-A405FN （4GB+64GB/全球版）自行采购",b2,teg,"2020-10-27 00:00:00",139,STI202009294119,NULL
TKMB2010021G,"SAMSUNG SM-A405FN （4GB+64GB/全球版）自行采购",b2,teg,"2020-10-27 00:00:00",139,STI202009294119,NULL
TKMB2010021J,"OPPO OPPO R11S （3GB+32GB/东南亚版）自行采购",b2,teg,"2020-10-27 00:00:00",139,STI202009294119,NULL
TKMB2010021L,"OPPO CPH1611 （6GB+64GB/美版）自行采购",b2,teg,"2020-10-27 00:00:00",139,STI202009294119,NULL
TKMB2010021M,"OPPO OPPO R9M （3GB+32GB/东南亚版）自行采购",b2,teg,"2020-10-27 00:00:00",139,STI202009294119,NULL
TKMB2010021N,"OPPO OPPO R9M （3GB+32GB/东南亚版）自行采购",b2,teg,"2020-10-27 00:00:00",139,STI202009294119,NULL
TKMB2010021P,"OPPO CPH1851 （4GB+64GB/东南亚版）自行采购",b2,teg,"2020-10-27 00:00:00",139,STI202009294119,NULL
TKMB2010021R,"HUAWEI BLA-L29 （4GB+64GB/欧版）自行采购",b2,teg,"2020-10-27 00:00:00",139,STI202009294119,NULL
TKMB2010021T,"REDMI REDMI S2 （2GB+32GB/美版）自行采购",b2,teg,"2020-10-27 00:00:00",139,STI202009294119,NULL
TKMB2010021W,"OPPO CPH1851 （4GB+64GB/东南亚版）自行采购",b2,teg,"2020-10-27 00:00:00",139,STI202009294119,NULL
TKMB2010021X,"OPPO OPPO R11S （3GB+32GB/东南亚版）自行采购",b2,teg,"2020-10-27 00:00:00",139,STI202009294119,NULL
TKMB2010021Y,"OPPO CPH1611 （6GB+64GB/美版）自行采购",b2,teg,"2020-10-27 00:00:00",139,STI202009294119,NULL
TKMB20100220,"SAMSUNG SM-G610F （3GB+32GB/欧版）自行采购",b2,teg,"2020-10-27 00:00:00",139,STI202009294119,NULL
TKMB20100221,"SAMSUNG SM-G610F （3GB+32GB/欧版）自行采购",b2,teg,"2020-10-27 00:00:00",139,STI202009294119,NULL
TKMB20100222,"OPPO OPPO R9S （3GB+32GB/东南亚版）自行采购",b2,teg,"2020-10-27 00:00:00",139,STI202009294119,NULL
TKMB20100223,"OPPO OPPO R9S （3GB+32GB/东南亚版）自行采购",b2,teg,"2020-10-27 00:00:00",139,STI202009294119,NULL
TKMB20100224,"SAMSUNG SM-N960U （6GB+128GB/美版）自行采购",b2,teg,"2020-10-27 00:00:00",139,STI202009294119,NULL
TKMB20100225,"SAMSUNG SM-N960U （6GB+128GB/美版）自行采购",b2,teg,"2020-10-27 00:00:00",139,STI202009294119,NULL
TKMB20100226,"SAMSUNG SM-G970N （6GB+128GB/全球版）自行采购",b2,teg,"2020-10-27 00:00:00",139,STI202009294119,NULL
TKMB20100227,"SAMSUNG SM-T585 （4GB+64GB/美版）自行采购",b2,teg,"2020-10-27 00:00:00",139,STI202009294119,NULL
TKMB20100228,"SAMSUNG SM-T585 （4GB+64GB/美版）自行采购",b2,teg,"2020-10-27 00:00:00",139,STI202009294119,NULL
TKMB20100229,"HUAWEI TRT-AL00A （2GB+16GB/欧版）自行采购",b2,teg,"2020-10-27 00:00:00",139,STI202009294119,NULL
TKMB2010022A,"HUAWEI TRT-AL00A （2GB+16GB/欧版）自行采购",b2,teg,"2020-10-27 00:00:00",139,STI202009294119,NULL
TKMB2012030N,"手机 OPPO Reno3 Pro（全网通5G/8GB+128GB/pcrm00/颜色随机） Pcs",c2,ui_top300_cloud,"2021-02-03 00:00:00",82,PR-GO-202012141180,NULL
TKMB20120376,"手机 vivo Y67（二手机/全网通4G/4GB+32GB/颜色随机) Pcs",c2,ui_top300_cloud,"2021-02-03 00:00:00",82,PR-GO-202012141180,NULL
TKMB201203E8,"手机 华为 华为 畅享9(二手机全网通4G3GB+32GBDUB-AL00a颜色随机) Pcs",a6,a6_top300_cloud,"2021-01-18 00:00:00",23,PR-GO-202012041029,NULL
TKMB201203EE,"手机 OPPO A7X(二手机移动全网通4G4GB+128GBPBBT00颜色随机) Pcs",a6,a6_top300_cloud,"2021-01-18 00:00:00",23,PR-GO-202012041029,NULL
TKMB201203RR,"手机 OPPO A7X(二手机/移动全网通4G/4GB+128GB/PBBT00/颜色随机) Pcs",c2,ui_top300_cloud,"2021-02-03 00:00:00",82,PR-GO-202012141180,NULL
TKMB201203RY,"手机 OPPO A9(二手机/移动4G+/6GB+128GB/PCAT10/颜色随机) Pcs",c2,ui_top300_cloud,"2021-02-03 00:00:00",82,PR-GO-202012141180,NULL
TKMB201203X3,"手机 VIVO X6D(二手机/移动联通双4G手机/4G+32G/颜色随机) Pcs",c2,ui_top300_cloud,"2021-02-03 00:00:00",82,PR-GO-202012141180,NULL
TKMB201203XX,"手机 OPPO A91(二手机/全网通4G/8GB+128GB/PCPM00/颜色随机) 台",c2,ui_top300_cloud,"2021-02-03 00:00:00",82,PR-GO-202012141180,NULL
TKMB20120483,"手机 OPPO A52(二手机/全网通4G/8GB+128GB/PDAM10/颜色随机) Pcs",c2,ui_top300_cloud,"2021-02-03 00:00:00",82,PR-GO-202012141180,NULL
TKMB2101021X,"手机 OPPO Reno4 Pro (全网通5G/8+128GB/PDNM00/颜色随机 ) 台",c2,ui_top300_cloud,"2021-02-03 00:00:00",82,PR-GO-202101070742,NULL
TKMB21010225,"手机 OPPO Reno4(全网通双模5G/8GB+128GB/PDPM00/颜色随机 ) 台",c2,ui_top300_cloud,"2021-02-03 00:00:00",82,PR-GO-202101070742,NULL
TKMB2101024Y,"手机 OPPO R15x(二手机/移动4G/6GB+128GB/PBCT10/颜色随机) Pcs",c2,ui_top300_cloud,"2021-02-03 00:00:00",82,PR-GO-202101070742,NULL
TKMB21010251,"手机 OPPO A92s(全网通双模5G/6GB+128GB/PDKM00/颜色随机) 台",c2,ui_top300_cloud,"2021-02-03 00:00:00",82,PR-GO-202101070742,NULL
TKMB2101025E,"手机 VIVO iQOO Z1x (全网通5G/6GB+128GB/V2012A/颜色不限) Pcs",c2,ui_top300_cloud,"2021-02-03 00:00:00",82,PR-GO-202101070742,NULL
TKMB2101029G,"手机 OPPO Reno 3(二手机/全网通5G/8GB+128GB/PCLM50/元气版/颜色随机) Pcs",c2,ui_top300_cloud,"2021-02-03 00:00:00",82,PR-GO-202101070742,NULL
TKMB210102P1,"手机 OPPO R15梦境版(二手机/移动全网通4G/6GB+128GB/PAAT00/颜色随机) Pcs",c2,ui_top300_cloud,"2021-02-03 00:00:00",82,PR-GO-202101070742,NULL
